{
  "features": {
    "lag_1": {
      "min": 0.863,
      "max": 0.863,
      "mean": 0.8629999999999997,
      "std": 3.3499774621444765e-16
    },
    "lag_2": {
      "min": 0.863,
      "max": 0.863,
      "mean": 0.8629999999999997,
      "std": 3.3499774621444765e-16
    },
    "lag_3": {
      "min": 0.863,
      "max": 0.863,
      "mean": 0.8629999999999997,
      "std": 3.3499774621444765e-16
    }
  },
  "timestamp": "2025-12-02T21:00:33.259205"
}